"","","","","","","","","","","","","","","134","102","103","126","141","606","0","","","","","","","","","","","","","",""
"Ward office","Ward","Ward Name","Name","Gender","Party","Served on any Municipal Committee?","17-18","18-19","19-20","20-21","21-22","Total","Total working days","17-18","18-19","19-20","20-21","21-22","Total","Issue Status","Original Comment","Resolution Comment","","","","","","","","","","","",""
"Aundh-Baner","8A","Aundh- Bopodi","Sunita Wadekar","F","BJP","Women & child welfare","116","87","94","108","140","405","606","0.86567164179104","0.85294117647059","0.9126213592233","0.85714285714286","0.99290780141844","0.66831683168317","No Issue","","","","","","","","","","","","","",""
"Aundh-Baner","8B","Aundh- Bopodi","Archana Musale","F","BJP","Sports Committee, Women & child welfare","99","80","77","67","103","323","606","0.73880597014925","0.7843137254902","0.74757281553398","0.53174603174603","0.73049645390071","0.53300330033003","No Issue","","","","","","","","","","","","","",""
"Aundh-Baner","9A","Baner- Balewadi- Pashan","Swapnali Saikar","F","BJP","Law Committee, Women & child welfare","126","99","89","99","117","413","606","0.94029850746269","0.97058823529412","0.86407766990291","0.78571428571429","0.82978723404255","0.68151815181518","No Issue","","","","","","","","","","","","","",""
"Aundh-Baner","9B","Baner- Balewadi- Pashan","Jyoti Kalamkar","F","BJP","Sports Committee, Name Committee","129","91","94","105","140","419","606","0.96268656716418","0.8921568627451","0.9126213592233","0.83333333333333","0.99290780141844","0.69141914191419","No Issue","","","","","","","","","","","","","",""
"Aundh-Baner","8C","Aundh- Bopodi","Vijay Shewale (till Dec 2020)","M","BJP","Sports Committee, Law Committee","129","99","95","60","0","383","606","0.96268656716418","0.97058823529412","0.92233009708738","0.47619047619048","0","0.63201320132013","No Issue","","","","","","","","","","","","","",""
"Aundh-Baner","8D","Aundh- Bopodi","Prakash Dhore","M","BJP","Standing Committee","119","91","94","100","91","404","606","0.88805970149254","0.8921568627451","0.9126213592233","0.79365079365079","0.64539007092199","0.66666666666667","No Issue","","","","","","","","","","","","","",""
"Aundh-Baner","9C","Baner- Balewadi- Pashan","Amol Balwadkar","M","BJP","City Development Committee, Sports Committee","91","77","77","54","50","299","606","0.67910447761194","0.75490196078431","0.74757281553398","0.42857142857143","0.35460992907801","0.49339933993399","No Issue","","","","","","","","","","","","","",""
"Aundh-Baner","9D","Baner- Balewadi- Pashan","Baburao Chandere","M","NCP","Education Committee","119","88","67","94","127","368","606","0.88805970149254","0.86274509803922","0.6504854368932","0.74603174603175","0.90070921985816","0.60726072607261","Resolved","For 18-19 Attendance in the RTI information PDF is 88","Corrected- Tanmay","","","","","","","","","","","",""
"BhavaniPeth","17A","Rasta Peth- Ravivar Peth","Laxmi Andekar","F","NCP","City Development Committee, Sports Committee, Women & child welfare","122","87","36","69","109","314","606","0.91044776119403","0.85294117647059","0.3495145631068","0.54761904761905","0.77304964539007","0.51815181518152","No Issue","","","","","","","","","","","","","",""
"BhavaniPeth","17B","Rasta Peth- Ravivar Peth","Sulochana Kondhare","F","BJP","Standing Committee, Law Committee","120","96","78","87","131","381","606","0.8955223880597","0.94117647058824","0.75728155339806","0.69047619047619","0.9290780141844","0.62871287128713","No Issue","","","","","","","","","","","","","",""
"BhavaniPeth","18A","Khadakmal Aali- Mahatma Phule Peth","Vijayalaxmi Harihar","F","BJP","","116","90","71","67","133","344","606","0.86567164179104","0.88235294117647","0.68932038834951","0.53174603174603","0.94326241134752","0.56765676567657","No Issue","","","","","","","","","","","","","",""
"BhavaniPeth","18B","Khadakmal Aali- Mahatma Phule Peth","Arti Kondhare","F","BJP","Name Committee, Law Committee, Women & child welfare","114","90","72","48","100","324","606","0.85074626865672","0.88235294117647","0.69902912621359","0.38095238095238","0.70921985815603","0.53465346534653","No Issue","","","","","","","","","","","","","",""
"BhavaniPeth","19B","Lohiya Nagar- Kasewadi","Manisha Ladkat","F","BJP","Law Committee, Women & child welfare","128","102","101","102","129","433","606","0.95522388059701","1","0.98058252427184","0.80952380952381","0.91489361702128","0.71452145214521","No Issue","","","","","","","","","","","","","",""
"BhavaniPeth","19C","Lohiya Nagar- Kasewadi","Archana Patil","F","BJP","Standing Committee, Sports Committee, Women & child welfare","100","83","49","71","98","303","606","0.74626865671642","0.81372549019608","0.47572815533981","0.56349206349206","0.69503546099291","0.5","No Issue","","","","","","","","","","","","","",""
"BhavaniPeth","17C","Rasta Peth- Ravivar Peth","Vanraj Andekar","M","NCP","Sports Committee, Law Committee","123","96","71","86","122","376","606","0.91791044776119","0.94117647058824","0.68932038834951","0.68253968253968","0.86524822695035","0.62046204620462","No Issue","","","","","","","","","","","","","",""
"BhavaniPeth","17D","Rasta Peth- Ravivar Peth","Vishal Dhanawade","M","ShivSena","Standing Committee, City Development Committee, Sports Committee, Name Committee","124","92","87","90","106","393","606","0.92537313432836","0.90196078431373","0.84466019417476","0.71428571428571","0.75177304964539","0.64851485148515","No Issue","","","","","","","","","","","","","",""
"BhavaniPeth","18C","Khadakmal Aali- Mahatma Phule Peth","Ajay Khedekar","M","BJP","City Development Committee, Sports Committee","126","100","86","107","138","419","606","0.94029850746269","0.98039215686275","0.83495145631068","0.84920634920635","0.97872340425532","0.69141914191419","No Issue","","","","","","","","","","","","","",""
"BhavaniPeth","18D","Khadakmal Aali- Mahatma Phule Peth","Samrat Thorat","M","BJP","Sports Committee, Name Committee","105","65","75","88","98","333","606","0.78358208955224","0.63725490196078","0.72815533980583","0.6984126984127","0.69503546099291","0.54950495049505","No Issue","","","","","","","","","","","","","",""
"BhavaniPeth","19A","Lohiya Nagar- Kasewadi","Avinash Bagave","M","Congress","Standing Committee, City Development Committee, Sports Committee, Education Committee","115","97","88","107","126","407","606","0.85820895522388","0.95098039215686","0.85436893203883","0.84920634920635","0.8936170212766","0.67161716171617","No Issue","","","","","","","","","","","","","",""
"BhavaniPeth","19D","Lohiya Nagar- Kasewadi","Rafique Sheikh","M","Congress","City Development Committee, Sports Committee, Name Committee, Law Committee","91","97","94","115","140","397","606","0.67910447761194","0.95098039215686","0.9126213592233","0.91269841269841","0.99290780141844","0.65511551155116","No Issue","","","","","","","","","","","","","",""
"Bibvewadi","28A","Salisbury Park- Maharshi Nagar","Kavita Vairage","F","BJP","Standing Committee","109","83","68","94","104","354","606","0.8134328358209","0.81372549019608","0.66019417475728","0.74603174603175","0.73758865248227","0.58415841584158","No Issue","","","","","","","","","","","","","",""
"Bibvewadi","28C","Salisbury Park- Maharshi Nagar","Rajshri Shilimkar","F","BJP","Sports Committee, Law Committee","133","96","92","96","110","417","606","0.99253731343284","0.94117647058824","0.89320388349515","0.76190476190476","0.78014184397163","0.68811881188119","No Issue","","","","","","","","","","","","","",""
"Bibvewadi","36A","Market Yard- Lower Indira Nagar","Ansuya Chavan","F","BJP","Name Committee","110","87","64","68","84","329","606","0.82089552238806","0.85294117647059","0.62135922330097","0.53968253968254","0.59574468085106","0.54290429042904","Resolved","18-19 Attendance in RTI information PDF is 87 . Also 17-18 Attendance is 110","Corrected- Tanmay","","","","","","","","","","","",""
"Bibvewadi","36C","Market Yard- Lower Indira Nagar","Mansi Deshpande","F","BJP","Standing Committee, Name Committee","112","94","84","97","139","387","606","0.83582089552239","0.92156862745098","0.81553398058252","0.76984126984127","0.98581560283688","0.63861386138614","No Issue","","","","","","","","","","","","","",""
"Bibvewadi","37A","Uppar Super Indira Nagar","Varsha Sathe","F","BJP","Education Committee","119","86","61","73","112","339","606","0.88805970149254","0.84313725490196","0.59223300970874","0.57936507936508","0.79432624113475","0.55940594059406","No Issue","","","","","","","","","","","","","",""
"Bibvewadi","37B","Uppar Super Indira Nagar","Rupali Dhadwe","F","BJP","Women & child welfare","118","98","87","89","98","392","606","0.88059701492537","0.96078431372549","0.84466019417476","0.70634920634921","0.69503546099291","0.64686468646865","No Issue","","","","","","","","","","","","","",""
"Bibvewadi","28B","Salisbury Park- Maharshi Nagar","Shrinath Bhimale","M","BJP","","131","102","76","108","107","417","606","0.97761194029851","1","0.7378640776699","0.85714285714286","0.75886524822695","0.68811881188119","No Issue","","","","","","","","","","","","","",""
"Bibvewadi","28D","Salisbury Park- Maharshi Nagar","Pravin Chorbele","M","BJP","Sports Committee","125","83","90","112","117","410","606","0.93283582089552","0.81372549019608","0.87378640776699","0.88888888888889","0.82978723404255","0.67656765676568","No Issue","","","","","","","","","","","","","",""
"Bibvewadi","36B","Market Yard- Lower Indira Nagar","Rajendra Shilimkar","M","BJP","Standing Committee, Name Committee, Law Committee","109","85","51","41","84","286","606","0.8134328358209","0.83333333333333","0.49514563106796","0.32539682539683","0.59574468085106","0.47194719471947","No Issue","","","","","","","","","","","","","",""
"Bibvewadi","36D","Market Yard- Lower Indira Nagar","Sunil Kamble","M","BJP","Standing Committee","106","73","64","45","26","288","606","0.7910447761194","0.7156862745098","0.62135922330097","0.35714285714286","0.18439716312057","0.47524752475248","No Issue","","","","","","","","","","","","","",""
"Bibvewadi","37C","Uppar Super Indira Nagar","Pramod Oswal","M","ShivSena","Standing Committee, City Development Committee, Sports Committee, Law Committee","120","92","96","110","122","418","606","0.8955223880597","0.90196078431373","0.93203883495146","0.87301587301587","0.86524822695035","0.68976897689769","No Issue","","","","","","","","","","","","","",""
"Bibvewadi","37D","Uppar Super Indira Nagar","","","","","","","","","","0","606","0","0","0","0","0","0","","","","","","","","","","","","","","",""
"Dhankawdi-Sahakarnagar","35A","Sahakar Nagar- Padmavati","Disha Mane","F","BJP","Law Committee, Women & child welfare","119","86","61","72","106","338","606","0.88805970149254","0.84313725490196","0.59223300970874","0.57142857142857","0.75177304964539","0.55775577557756","No Issue","","","","","","","","","","","","","",""
"Dhankawdi-Sahakarnagar","35C","Sahakar Nagar- Padmavati","Ashwini Kadam","F","NCP","Women & child welfare","58","88","78","78","114","302","606","0.43283582089552","0.86274509803922","0.75728155339806","0.61904761904762","0.80851063829787","0.4983498349835","No Issue","","","","","","","","","","","","","",""
"Dhankawdi-Sahakarnagar","39B","Dhankawadi- Ambegaon Pathar","Ashwini Bhagwat","F","NCP","Law Committee, Women & child welfare","97","72","76","104","114","349","606","0.72388059701493","0.70588235294118","0.7378640776699","0.82539682539683","0.80851063829787","0.57590759075908","No Issue","","","","","","","","","","","","","",""
"Dhankawdi-Sahakarnagar","39C","Dhankawadi- Ambegaon Pathar","Varsha Tapkir","F","BJP","Standing Committee","112","86","91","102","112","391","606","0.83582089552239","0.84313725490196","0.88349514563107","0.80952380952381","0.79432624113475","0.64521452145215","No Issue","","","","","","","","","","","","","",""
"Dhankawdi-Sahakarnagar","40B","Ambegaon Datta Nagar- Katraj Gaothan","Amruta Babar","F","NCP","Standing Committee, Name Committee","71","61","55","64","82","251","606","0.52985074626866","0.59803921568627","0.53398058252427","0.50793650793651","0.58156028368794","0.41419141914191","No Issue","","","","","","","","","","","","","",""
"Dhankawdi-Sahakarnagar","40C","Ambegaon Datta Nagar- Katraj Gaothan","Smita Kondhare","F","NCP","Standing Committee","99","69","68","70","103","306","606","0.73880597014925","0.67647058823529","0.66019417475728","0.55555555555556","0.73049645390071","0.5049504950495","No Issue","","","","","","","","","","","","","",""
"Dhankawdi-Sahakarnagar","35B","Sahakar Nagar- Padmavati","Ulhas Bagul","M","Congress","","43","29","27","97","122","196","606","0.32089552238806","0.2843137254902","0.2621359223301","0.76984126984127","0.86524822695035","0.32343234323432","No Issue","","","","","","","","","","","","","",""
"Dhankawdi-Sahakarnagar","35D","Sahakar Nagar- Padmavati","Mahesh Wabale","M","BJP","Standing Committee, City Development Committee, Sports Committee, Law Committee","133","96","94","105","127","428","606","0.99253731343284","0.94117647058824","0.9126213592233","0.83333333333333","0.90070921985816","0.70627062706271","No Issue","","","","","","","","","","","","","",""
"Dhankawdi-Sahakarnagar","39A","Dhankawadi- Ambegaon Pathar","Kishor Dhankawade","M","NCP","Sports Committee, Law Committee","74","85","50","88","121","297","606","0.55223880597015","0.83333333333333","0.48543689320388","0.6984126984127","0.85815602836879","0.49009900990099","No Issue","","","","","","","","","","","","","",""
"Dhankawdi-Sahakarnagar","39D","Dhankawadi- Ambegaon Pathar","Vishal Tambe","M","NCP","","99","91","81","97","131","368","606","0.73880597014925","0.8921568627451","0.78640776699029","0.76984126984127","0.9290780141844","0.60726072607261","No Issue","","","","","","","","","","","","","",""
"Dhankawdi-Sahakarnagar","40A","Ambegaon Datta Nagar- Katraj Gaothan","Yuvraj Beldare","M","NCP","City Development Committee, Sports Committee","117","81","77","103","130","378","606","0.87313432835821","0.79411764705882","0.74757281553398","0.81746031746032","0.92198581560284","0.62376237623762","No Issue","","","","","","","","","","","","","",""
"Dhankawdi-Sahakarnagar","40D","Ambegaon Datta Nagar- Katraj Gaothan","Vasant More","M","MNS","","120","91","86","103","109","400","606","0.8955223880597","0.8921568627451","0.83495145631068","0.81746031746032","0.77304964539007","0.66006600660066","No Issue","","","","","","","","","","","","","",""
"DholePatilRd","20B","Tadiwala Road- Sasoon Hospital","Chandbi Nadaf","F","Congress","City Development Committee, Sports Committee, Women & child welfare","115","82","74","96","74","367","606","0.85820895522388","0.80392156862745","0.71844660194175","0.76190476190476","0.52482269503546","0.60561056105611","No Issue","","","","","","","","","","","","","",""
"DholePatilRd","20C","Tadiwala Road- Sasoon Hospital","Latabai Rajguru","F","Congress","Standing Committee, City Development Committee, Name Committee","124","102","81","108","140","415","606","0.92537313432836","1","0.78640776699029","0.85714285714286","0.99290780141844","0.68481848184818","No Issue","","","","","","","","","","","","","",""
"DholePatilRd","21A","Koregaon Park- Ghorpadi","Navnath Kamble (till 2017) / Himali Kamble (after 2017)","F","BJP","Standing Committee","49","86","47","74","108","256","527","0.36567164179104","0.84313725490196","0.45631067961165","0.58730158730159","0.76595744680851","0.48576850094877","No Issue","","","","","","","","","","","","","",""
"DholePatilRd","21B","Koregaon Park- Ghorpadi","Lata Dhayarkar","F","BJP","Name Committee, Education Committee, Women & child welfare","128","101","61","63","56","353","606","0.95522388059701","0.99019607843137","0.59223300970874","0.5","0.39716312056738","0.58250825082508","No Issue","","","","","","","","","","","","","",""
"DholePatilRd","21C","Koregaon Park- Ghorpadi","Mangala Mantri","F","BJP","Name Committee, Law Committee, Women & child welfare","104","93","76","95","114","368","606","0.77611940298507","0.91176470588235","0.7378640776699","0.75396825396825","0.80851063829787","0.60726072607261","No Issue","","","","","","","","","","","","","",""
"DholePatilRd","20A","Tadiwala Road- Sasoon Hospital","Pradip Gaikwad","M","NCP","Standing Committee, City Development Committee","113","77","75","73","131","338","606","0.84328358208955","0.75490196078431","0.72815533980583","0.57936507936508","0.9290780141844","0.55775577557756","","","","","","","","","","","","","","",""
"DholePatilRd","20D","Tadiwala Road- Sasoon Hospital","Arvind Shinde","M","Congress","","122","89","87","54","62","352","606","0.91044776119403","0.87254901960784","0.84466019417476","0.42857142857143","0.43971631205674","0.58085808580858","No Issue","","","","","","","","","","","","","",""
"DholePatilRd","21D","Koregaon Park- Ghorpadi","Umesh Gaikwad","M","BJP","Standing Committee","117","96","77","103","86","393","606","0.87313432835821","0.94117647058824","0.74757281553398","0.81746031746032","0.60992907801418","0.64851485148515","No Issue","","","","","","","","","","","","","",""
"Hadapsar-Mundhwa","22B","Mundhwa- Magarpatta City","Hemlata Magar","F","NCP","City Development Committee, Sports Committee","120","97","80","113","125","410","606","0.8955223880597","0.95098039215686","0.77669902912621","0.8968253968254","0.88652482269504","0.67656765676568","No Issue","","","","","","","","","","","","","",""
"Hadapsar-Mundhwa","22C","Mundhwa- Magarpatta City","Chanchala Kodre (till 2017) / Pooja Kodre (after 2017)","F","NCP","Women & child welfare","61","102","59","88","96","310","568","0.45522388059701","1","0.57281553398058","0.6984126984127","0.68085106382979","0.54577464788732","No Issue","","","","","","","","","","","","","",""
"Hadapsar-Mundhwa","23B","Hadapsar Gaothan- Satavwadi","Vaishali Bankar","F","NCP","","109","94","76","103","135","382","606","0.8134328358209","0.92156862745098","0.7378640776699","0.81746031746032","0.95744680851064","0.63036303630363","No Issue","","","","","","","","","","","","","",""
"Hadapsar-Mundhwa","23C","Hadapsar Gaothan- Satavwadi","Ujwala Jangale","F","BJP","Standing Committee, City Development Committee, Name Committee","126","96","81","102","135","405","606","0.94029850746269","0.94117647058824","0.78640776699029","0.80952380952381","0.95744680851064","0.66831683168317","No Issue","","","","","","","","","","","","","",""
"Hadapsar-Mundhwa","26A","Mahammadwadi- Kausar Baug","Prachi Alhat","F","ShivSena","Sports Committee, Education Committee, Law Committee, Women & child welfare","118","55","67","63","108","303","606","0.88059701492537","0.53921568627451","0.6504854368932","0.5","0.76595744680851","0.5","No Issue","","","","","","","","","","","","","",""
"Hadapsar-Mundhwa","26C","Mahammadwadi- Kausar Baug","Nanda Lonkar","F","NCP","Standing Committee, City Development Committee, Sports Committee, Name Committee","132","101","89","102","122","424","606","0.98507462686567","0.99019607843137","0.86407766990291","0.80952380952381","0.86524822695035","0.6996699669967","No Issue","","","","","","","","","","","","","",""
"Hadapsar-Mundhwa","22A","Mundhwa- Magarpatta City","Chetan Tupe","M","NCP","","128","89","56","47","30","320","606","0.95522388059701","0.87254901960784","0.54368932038835","0.37301587301587","0.21276595744681","0.52805280528053","No Issue","","","","","","","","","","","","","",""
"Hadapsar-Mundhwa","22D","Mundhwa- Magarpatta City","Sunil Gaikwad","M","NCP","Standing Committee, Name Committee","82","64","81","69","100","296","606","0.61194029850746","0.62745098039216","0.78640776699029","0.54761904761905","0.70921985815603","0.48844884488449","No Issue","","","","","","","","","","","","","",""
"Hadapsar-Mundhwa","23A","Hadapsar Gaothan- Satavwadi","Yogesh Sasane","M","NCP","Law Committee","128","101","85","98","123","412","606","0.95522388059701","0.99019607843137","0.8252427184466","0.77777777777778","0.87234042553191","0.67986798679868","Resolved","For 18-19 attendance in the RTI information PDF is 101, Also 19-20 attendance is 85.  20-21 attendance is 98","Corrected- Tanmay","","","","","","","","","","","",""
"Hadapsar-Mundhwa","23D","Hadapsar Gaothan- Satavwadi","Maruti Tupe","M","BJP","Standing Committee, Education Committee","133","99","93","68","137","393","606","0.99253731343284","0.97058823529412","0.90291262135922","0.53968253968254","0.97163120567376","0.64851485148515","No Issue","","","","","","","","","","","","","",""
"Hadapsar-Mundhwa","26B","Mahammadwadi- Kausar Baug","Pramod Bhangire","M","ShivSena","Standing Committee, Sports Committee, Name Committee","116","100","84","81","98","381","606","0.86567164179104","0.98039215686275","0.81553398058252","0.64285714285714","0.69503546099291","0.62871287128713","No Issue","","","","","","","","","","","","","",""
"Hadapsar-Mundhwa","26D","Mahammadwadi- Kausar Baug","Sanjay Ghule","M","BJP","City Development Committee, Sports Committee, Name Committee","117","76","78","62","118","333","606","0.87313432835821","0.74509803921569","0.75728155339806","0.49206349206349","0.83687943262411","0.54950495049505","No Issue","","","","","","","","","","","","","",""
"Kasba-VishrambagWada","15B","Shanivar Peth- Sadashiv Peth","Gayatri Khadke","F","BJP","Law Committee, Women & child welfare","134","97","101","108","141","440","606","1","0.95098039215686","0.98058252427184","0.85714285714286","1","0.72607260726073","No Issue","","","","","","","","","","","","","",""
"Kasba-VishrambagWada","15C","Shanivar Peth- Sadashiv Peth","Mukta Tilak","F","BJP","","120","100","45","27","27","292","606","0.8955223880597","0.98039215686275","0.4368932038835","0.21428571428571","0.19148936170213","0.48184818481848","No Issue","","","","","","","","","","","","","",""
"Kasba-VishrambagWada","16A","Kasba Peth- Somwar Peth","Pallavi Jawale","F","ShivSena","City Development Committee,Name Committee","116","98","93","106","105","413","606","0.86567164179104","0.96078431372549","0.90291262135922","0.84126984126984","0.74468085106383","0.68151815181518","No Issue","","","","","","","","","","","","","",""
"Kasba-VishrambagWada","16C","Kasba Peth- Somwar Peth","Sujata Shetti","F","Congress","Name Committee, Women & child welfare","128","89","98","95","134","410","606","0.95522388059701","0.87254901960784","0.95145631067961","0.75396825396825","0.95035460992908","0.67656765676568","No Issue","","","","","","","","","","","","","",""
"Kasba-VishrambagWada","29A","Navi Peth- Parvati","Sarasvati Shendage","F","BJP","","134","102","89","114","136","439","606","1","1","0.86407766990291","0.9047619047619","0.9645390070922","0.72442244224422","No Issue","","","","","","","","","","","","","",""
"Kasba-VishrambagWada","29C","Navi Peth- Parvati","Smita Vaste","F","BJP","City Development Committee","127","102","89","96","140","414","606","0.94776119402985","1","0.86407766990291","0.76190476190476","0.99290780141844","0.68316831683168","No Issue","","","","","","","","","","","","","",""
"Kasba-VishrambagWada","15A","Shanivar Peth- Sadashiv Peth","Hemant Rasane","M","BJP","Standing Committee","99","67","73","110","105","349","606","0.73880597014925","0.65686274509804","0.70873786407767","0.87301587301587","0.74468085106383","0.57590759075908","No Issue","","","","","","","","","","","","","",""
"Kasba-VishrambagWada","15D","Shanivar Peth- Sadashiv Peth","Rajesh Yenpure","M","BJP","City Development Committee, Name Committee","129","94","94","75","114","392","606","0.96268656716418","0.92156862745098","0.9126213592233","0.5952380952381","0.80851063829787","0.64686468646865","No Issue","","","","","","","","","","","","","",""
"Kasba-VishrambagWada","16B","Kasba Peth- Somwar Peth","Ravindra Dhangekar","M","Independant","","89","63","75","81","83","308","606","0.66417910447761","0.61764705882353","0.72815533980583","0.64285714285714","0.5886524822695","0.50825082508251","No Issue","","","","","","","","","","","","","",""
"Kasba-VishrambagWada","16D","Kasba Peth- Somwar Peth","Yogesh Samel","M","BJP","Standing Committee, Sports Committee, Law Committee","116","84","75","65","112","340","606","0.86567164179104","0.82352941176471","0.72815533980583","0.51587301587302","0.79432624113475","0.56105610561056","No Issue","","","","","","","","","","","","","",""
"Kasba-VishrambagWada","29B","Navi Peth- Parvati","Mahesh Ladkat (Till Dec 2020)","M","BJP","City Development Committee, Name Committee","113","88","85","9","0","295","606","0.84328358208955","0.86274509803922","0.8252427184466","0.071428571428571","0","0.48679867986799","No Issue","","","","","","","","","","","","","",""
"Kasba-VishrambagWada","29D","Navi Peth- Parvati","Dhiraj Ghate","M","BJP","City Development Committee, Sports Committee","134","83","90","94","118","401","606","1","0.81372549019608","0.87378640776699","0.74603174603175","0.83687943262411","0.66171617161716","No Issue","","","","","","","","","","","","","",""
"Kondhwa-Yewlewadi","38B","Balaji Nagar- Rajiv Gandhi Nagar","Rani Bhosale","F","BJP","City Development Committee, Name Committee, Women & child welfare","125","94","75","77","115","371","606","0.93283582089552","0.92156862745098","0.72815533980583","0.61111111111111","0.81560283687943","0.61221122112211","No Issue","","","","","","","","","","","","","",""
"Kondhwa-Yewlewadi","38C","Balaji Nagar- Rajiv Gandhi Nagar","Manishatai Kadam","F","BJP","Standing Committee, Law Committee","116","102","93","80","136","391","606","0.86567164179104","1","0.90291262135922","0.63492063492063","0.9645390070922","0.64521452145215","No Issue","","","","","","","","","","","","","",""
"Kondhwa-Yewlewadi","41B","Kondhawa Budruk- Yewalewadi","Sangeeta Thosar","F","ShivSena","Standing Committee, Law Committee, Women & child welfare","120","93","82","109","103","404","606","0.8955223880597","0.91176470588235","0.79611650485437","0.86507936507937","0.73049645390071","0.66666666666667","No Issue","","","","","","","","","","","","","",""
"Kondhwa-Yewlewadi","41C","Kondhawa Budruk- Yewalewadi","Vrushali Kamthe","F","BJP","Women & child welfare","119","96","87","112","136","414","606","0.88805970149254","0.94117647058824","0.84466019417476","0.88888888888889","0.9645390070922","0.68316831683168","No Issue","","","","","","","","","","","","","",""
"Kondhwa-Yewlewadi","41D","Kondhawa Budruk- Yewalewadi","Ranjana Tilekar","F","BJP","Standing Committee","127","52","58","73","130","310","606","0.94776119402985","0.50980392156863","0.5631067961165","0.57936507936508","0.92198581560284","0.51155115511551","No Issue","","","","","","","","","","","","","",""
"Kondhwa-Yewlewadi","38A","Balaji Nagar- Rajiv Gandhi Nagar","Dattatray Dhankawade","M","NCP","","90","91","63","45","102","289","589","0.67164179104478","0.8921568627451","0.61165048543689","0.35714285714286","0.72340425531915","0.49066213921902","No Issue","","","","","","","","","","","","","",""
"Kondhwa-Yewlewadi","38D","Balaji Nagar- Rajiv Gandhi Nagar","Prakash Kadam","M","NCP","Name Committee, Law Committee","112","85","87","73","123","357","606","0.83582089552239","0.83333333333333","0.84466019417476","0.57936507936508","0.87234042553191","0.58910891089109","No Issue","","","","","","","","","","","","","",""
"Kondhwa-Yewlewadi","41A","Kondhawa Budruk- Yewalewadi","Veersen Jagtap","M","BJP","Sports Committee, Name Committee, Law Committee","124","96","71","103","125","394","606","0.92537313432836","0.94117647058824","0.68932038834951","0.81746031746032","0.88652482269504","0.65016501650165","No Issue","","","","","","","","","","","","","",""
"Kothrud-Bavdhan","10B","Bavdhan- Kothrud Depot","Shraddha Prabhune","F","BJP","Women & child welfare","116","58","90","84","140","348","606","0.86567164179104","0.56862745098039","0.87378640776699","0.66666666666667","0.99290780141844","0.57425742574257","No Issue","","","","","","","","","","","","","",""
"Kothrud-Bavdhan","10C","Bavdhan- Kothrud Depot","Alpana Varpe","F","BJP","City Development Committee, Education Committee","125","92","93","106","134","416","606","0.93283582089552","0.90196078431373","0.90291262135922","0.84126984126984","0.95035460992908","0.68646864686469","No Issue","","","","","","","","","","","","","",""
"Kothrud-Bavdhan","11B","Rambaug Colony- Shivtirth Nagar","Chhaya Marane","F","BJP","Sports Committee","130","99","91","106","130","426","606","0.97014925373134","0.97058823529412","0.88349514563107","0.84126984126984","0.92198581560284","0.7029702970297","No Issue","","","","","","","","","","","","","",""
"Kothrud-Bavdhan","11C","Rambaug Colony- Shivtirth Nagar","Vaishali Marathe","F","Congress","Standing Committee, Women & child welfare","118","94","95","95","119","402","606","0.88059701492537","0.92156862745098","0.92233009708738","0.75396825396825","0.84397163120567","0.66336633663366","No Issue","","","","","","","","","","","","","",""
"Kothrud-Bavdhan","12A","Mayur Colony- Dahanukar Colony","Harshali Mathvad","F","BJP","City Development Committee, Name Committee","113","92","84","80","122","369","606","0.84328358208955","0.90196078431373","0.81553398058252","0.63492063492063","0.86524822695035","0.60891089108911","No Issue","","","","","","","","","","","","","",""
"Kothrud-Bavdhan","12B","Mayur Colony- Dahanukar Colony","Vasanti Jadhav","F","BJP","Name Committee","123","97","91","104","132","415","606","0.91791044776119","0.95098039215686","0.88349514563107","0.82539682539683","0.93617021276596","0.68481848184818","No Issue","","","","","","","","","","","","","",""
"Kothrud-Bavdhan","10A","Bavdhan- Kothrud Depot","Kiran Dagade Patil","M","BJP","City Development Committee","79","79","74","66","117","298","606","0.58955223880597","0.77450980392157","0.71844660194175","0.52380952380952","0.82978723404255","0.49174917491749","No Issue","","","","","","","","","","","","","",""
"Kothrud-Bavdhan","10D","Bavdhan- Kothrud Depot","Dilip Vede Patil","M","BJP","Standing Committee","127","100","91","105","134","423","606","0.94776119402985","0.98039215686275","0.88349514563107","0.83333333333333","0.95035460992908","0.6980198019802","No Issue","","","","","","","","","","","","","",""
"Kothrud-Bavdhan","11A","Rambaug Colony- Shivtirth Nagar","Deepak Mankar","M","NCP","","108","10","51","58","90","227","606","0.80597014925373","0.098039215686275","0.49514563106796","0.46031746031746","0.63829787234043","0.37458745874587","No Issue","","","","","","","","","","","","","",""
"Kothrud-Bavdhan","11D","Rambaug Colony- Shivtirth Nagar","Ramchandra Kadam","M","Congress","Law Committee","102","71","62","50","71","285","606","0.76119402985075","0.69607843137255","0.60194174757282","0.3968253968254","0.50354609929078","0.47029702970297","No Issue","","","","","","","","","","","","","",""
"Kothrud-Bavdhan","12C","Mayur Colony- Dahanukar Colony","Murlidhar Mohol","M","BJP","Standing Committee","102","59","77","113","125","351","606","0.76119402985075","0.57843137254902","0.74757281553398","0.8968253968254","0.88652482269504","0.57920792079208","No Issue","","","","","","","","","","","","","",""
"Kothrud-Bavdhan","12D","Mayur Colony- Dahanukar Colony","Pruthviraj Sutar","M","ShivSena","","101","72","89","105","117","367","606","0.75373134328358","0.70588235294118","0.86407766990291","0.83333333333333","0.82978723404255","0.60561056105611","No Issue","","","","","","","","","","","","","",""
"NagarRd-WadgaonSheri","3B","Viman Nagar- Somnath Nagar","Shweta Galande-Khose","F","BJP","Women & child welfare, Sports Committee","122","92","75","94","102","383","606","0.91044776119403","0.90196078431373","0.72815533980583","0.74603174603175","0.72340425531915","0.63201320132013","No Issue","","","","","","","","","","","","","",""
"NagarRd-WadgaonSheri","3C","Viman Nagar- Somnath Nagar","Mukta Jagtap","F","BJP","City Development Committee, Education Committee, Women & child welfare","125","100","86","106","134","417","606","0.93283582089552","0.98039215686275","0.83495145631068","0.84126984126984","0.95035460992908","0.68811881188119","No Issue","","","","","","","","","","","","","",""
"NagarRd-WadgaonSheri","4B","Kharadi-Chandan Nagar","Suman Pathare","F","NCP","City Development Committee, Education Committee, Women & child welfare","74","82","53","96","70","305","606","0.55223880597015","0.80392156862745","0.51456310679612","0.76190476190476","0.49645390070922","0.503300330033","No Issue","","","","","","","","","","","","","",""
"NagarRd-WadgaonSheri","4C","Kharadi-Chandan Nagar","Sanjila Pathare","F","NCP","Law Committee, Women & child welfare","88","94","72","111","113","365","606","0.65671641791045","0.92156862745098","0.69902912621359","0.88095238095238","0.80141843971631","0.6023102310231","No Issue","","","","","","","","","","","","","",""
"NagarRd-WadgaonSheri","5A","Vadgaon Sheri- Kalyani Nagar","Sunita Galande","F","BJP","Standing Committee, Law Committee, Law Committee, Women & child welfare","114","99","89","112","132","414","606","0.85074626865672","0.97058823529412","0.86407766990291","0.88888888888889","0.93617021276596","0.68316831683168","No Issue","","","","","","","","","","","","","",""
"NagarRd-WadgaonSheri","5B","Vadgaon Sheri- Kalyani Nagar","Shital Shinde","F","BJP","","129","98","87","105","115","419","606","0.96268656716418","0.96078431372549","0.84466019417476","0.83333333333333","0.81560283687943","0.69141914191419","No Issue","","","","","","","","","","","","","",""
"NagarRd-WadgaonSheri","3A","Viman Nagar- Somnath Nagar","Rahul Bhandare","M","BJP","Standing Committee, Sports Committee","124","94","73","101","118","392","606","0.92537313432836","0.92156862745098","0.70873786407767","0.8015873015873","0.83687943262411","0.64686468646865","No Issue","","","","","","","","","","","","","",""
"NagarRd-WadgaonSheri","3D","Viman Nagar- Somnath Nagar","Bapurao Karne (Guruji)","M","BJP","Name Committee","117","76","74","87","131","354","606","0.87313432835821","0.74509803921569","0.71844660194175","0.69047619047619","0.9290780141844","0.58415841584158","No Issue","","","","","","","","","","","","","",""
"NagarRd-WadgaonSheri","4A","Kharadi-Chandan Nagar","Bhaiyya Saheb Jadhav","M","NCP","City Development Committee, Sports Committee, Name Committee, Law Committee","107","87","70","58","53","322","606","0.79850746268657","0.85294117647059","0.67961165048544","0.46031746031746","0.3758865248227","0.53135313531353","No Issue","","","","","","","","","","","","","",""
"NagarRd-WadgaonSheri","4D","Kharadi-Chandan Nagar","Mahendra Pathare","M","NCP","Standing Committee, Name Committee","115","96","75","85","95","371","606","0.85820895522388","0.94117647058824","0.72815533980583","0.67460317460317","0.67375886524823","0.61221122112211","No Issue","","","","","","","","","","","","","",""
"NagarRd-WadgaonSheri","5C","Vadgaon Sheri- Kalyani Nagar","Yogesh Mulik","M","BJP","Standing Committee","116","94","53","90","106","353","606","0.86567164179104","0.92156862745098","0.51456310679612","0.71428571428571","0.75177304964539","0.58250825082508","No Issue","","","","","","","","","","","","","",""
"NagarRd-WadgaonSheri","5D","Vadgaon Sheri- Kalyani Nagar","Sandip Jarhad","M","BJP","City Development Committee, Sports Committee, Name Committee","126","89","81","70","127","366","606","0.94029850746269","0.87254901960784","0.78640776699029","0.55555555555556","0.90070921985816","0.6039603960396","No Issue","","","","","","","","","","","","","",""
"Shivajinagar-GholeRd","7A","Pune University- Wakadewadi","Sonali Landage","F","BJP","City Development Committee","131","95","95","112","135","433","606","0.97761194029851","0.93137254901961","0.92233009708738","0.88888888888889","0.95744680851064","0.71452145214521","No Issue","","","","","","","","","","","","","",""
"Shivajinagar-GholeRd","7B","Pune University- Wakadewadi","Rajashri Kale","F","BJP","Name Committee, Education Committee","121","99","93","73","121","386","606","0.90298507462687","0.97058823529412","0.90291262135922","0.57936507936508","0.85815602836879","0.63696369636964","No Issue","","","","","","","","","","","","","",""
"Shivajinagar-GholeRd","7D","Pune University- Wakadewadi","Reshma Bhosale","F","Independant","Name Committee","47","32","34","28","32","141","606","0.35074626865672","0.31372549019608","0.33009708737864","0.22222222222222","0.22695035460993","0.23267326732673","No Issue","","","","","","","","","","","","","",""
"Shivajinagar-GholeRd","14A","Deccan Gymkhana- Model Colony","Swati Lokhande","F","BJP","","124","98","59","71","85","352","606","0.92537313432836","0.96078431372549","0.57281553398058","0.56349206349206","0.60283687943262","0.58085808580858","No Issue","","","","","","","","","","","","","",""
"Shivajinagar-GholeRd","14B","Deccan Gymkhana- Model Colony","Nilima Khade","F","BJP","Standing Committee","130","81","91","111","111","413","606","0.97014925373134","0.79411764705882","0.88349514563107","0.88095238095238","0.78723404255319","0.68151815181518","No Issue","","","","","","","","","","","","","",""
"Shivajinagar-GholeRd","14C","Deccan Gymkhana- Model Colony","Jyotsna Ekbote","F","BJP","Sports Committee, Women & child welfare","111","97","85","115","132","408","606","0.82835820895522","0.95098039215686","0.8252427184466","0.91269841269841","0.93617021276596","0.67326732673267","No Issue","","","","","","","","","","","","","",""
"Shivajinagar-GholeRd","7C","Pune University- Wakadewadi","Aditya Malve","M","BJP","Name Committee","123","95","95","98","139","411","606","0.91791044776119","0.93137254901961","0.92233009708738","0.77777777777778","0.98581560283688","0.67821782178218","No Issue","","","","","","","","","","","","","",""
"Shivajinagar-GholeRd","14D","Deccan Gymkhana- Model Colony","Siddharth Shirole","M","BJP","","92","77","35","20","18","224","606","0.6865671641791","0.75490196078431","0.33980582524272","0.15873015873016","0.12765957446809","0.36963696369637","No Issue","","","","","","","","","","","","","",""
"SinhgadRd","30B","Janata Vasahat- Dattawadi","Priya Gadade","F","NCP","Standing Committee, Name Committee, Law Committee","72","48","90","92","90","302","606","0.53731343283582","0.47058823529412","0.87378640776699","0.73015873015873","0.63829787234043","0.4983498349835","No Issue","","","","","","","","","","","","","",""
"SinhgadRd","30C","Janata Vasahat- Dattawadi","Anita Kadam","F","BJP","Women & child welfare","127","102","93","87","128","409","606","0.94776119402985","1","0.90291262135922","0.69047619047619","0.90780141843972","0.67491749174917","No Issue","","","","","","","","","","","","","",""
"SinhgadRd","33B","Vadgaon Dhayari- Suncity","Rajashri Navale","F","BJP","Name Committee, Law Committee, Women & child welfare","118","99","83","74","75","374","606","0.88059701492537","0.97058823529412","0.80582524271845","0.58730158730159","0.53191489361702","0.61716171617162","No Issue","","","","","","","","","","","","","",""
"SinhgadRd","33C","Vadgaon Dhayari- Suncity","Neeta Dangat","F","BJP","City Development Committee, Women & child welfare","110","87","89","69","104","355","606","0.82089552238806","0.85294117647059","0.86407766990291","0.54761904761905","0.73758865248227","0.58580858085809","No Issue","","","","","","","","","","","","","",""
"SinhgadRd","34B","Vadgaon Budruk- Hingane Khurd","Jyoti Gosavi","F","BJP","City Development Committee, Law Committee, Women & child welfare","130","99","84","113","121","426","606","0.97014925373134","0.97058823529412","0.81553398058252","0.8968253968254","0.85815602836879","0.7029702970297","No Issue","","","","","","","","","","","","","",""
"SinhgadRd","34C","Vadgaon Budruk- Hingane Khurd","Manjusha Nagpure","F","BJP","Standing Committee, Name Committee","114","86","76","82","107","358","606","0.85074626865672","0.84313725490196","0.7378640776699","0.65079365079365","0.75886524822695","0.59075907590759","No Issue","","","","","","","","","","","","","",""
"SinhgadRd","30A","Janata Vasahat- Dattawadi","Anand Rithe","M","BJP","City Development Committee, Sports Committee","129","102","93","103","127","427","606","0.96268656716418","1","0.90291262135922","0.81746031746032","0.90070921985816","0.7046204620462","No Issue","","","","","","","","","","","","","",""
"SinhgadRd","30D","Janata Vasahat- Dattawadi","Shankar Pawar","M","BJP","","108","73","79","59","113","319","606","0.80597014925373","0.7156862745098","0.76699029126214","0.46825396825397","0.80141843971631","0.52640264026403","No Issue","","","","","","","","","","","","","",""
"SinhgadRd","33A","Vadgaon Dhayari- Suncity","Haridas Charvad","M","BJP","Standing Committee, Sports Committee","116","89","69","82","96","356","606","0.86567164179104","0.87254901960784","0.66990291262136","0.65079365079365","0.68085106382979","0.58745874587459","No Issue","","","","","","","","","","","","","",""
"SinhgadRd","33D","Vadgaon Dhayari- Suncity","Raju Laygude","M","BJP","Standing Committee,City Development Committee, Name Committee","126","99","95","99","120","419","606","0.94029850746269","0.97058823529412","0.92233009708738","0.78571428571429","0.85106382978723","0.69141914191419","No Issue","","","","","","","","","","","","","",""
"SinhgadRd","34A","Vadgaon Budruk- Hingane Khurd","Prasanna Jagtap","M","BJP","City Development Committee, Name Committee","130","99","91","108","128","428","606","0.97014925373134","0.97058823529412","0.88349514563107","0.85714285714286","0.90780141843972","0.70627062706271","No Issue","","","","","","","","","","","","","",""
"SinhgadRd","34D","Vadgaon Budruk- Hingane Khurd","Shrikant Jagtap","M","BJP","Sports Committee","75","59","64","58","100","256","606","0.55970149253731","0.57843137254902","0.62135922330097","0.46031746031746","0.70921985815603","0.42244224422442","No Issue","","","","","","","","","","","","","",""
"Wanawdi-RamTekdi","24B","Ramtekadi- Sayyad Nagar","Ruksana Inamdar","F","Independant","","45","","","","","45","83","0.33582089552239","0","0","0","0","0.5421686746988","No Issue","","","","","","","","","","","","","",""
"Wanawdi-RamTekdi","25B","Vanwadi","Kalinda Punde","F","BJP","City Development Committee, Education Committee","126","85","67","86","128","364","606","0.94029850746269","0.83333333333333","0.6504854368932","0.68253968253968","0.90780141843972","0.6006600660066","No Issue","","","","","","","","","","","","","",""
"Wanawdi-RamTekdi","25C","Vanwadi","Ratnaprabha Jagtap","F","NCP","Sports Committee, Law Committee, Women & child welfare","128","101","95","113","141","437","606","0.95522388059701","0.99019607843137","0.92233009708738","0.8968253968254","1","0.72112211221122","No Issue","","","","","","","","","","","","","",""
"Wanawdi-RamTekdi","27B","Kondhwa Khurd- Meetha Nagar","Parvin Firoz","F","NCP","City Development Committee, Women & child welfare","118","88","82","85","81","373","606","0.88059701492537","0.86274509803922","0.79611650485437","0.67460317460317","0.57446808510638","0.61551155115512","No Issue","","","","","","","","","","","","","",""
"Wanawdi-RamTekdi","27C","Kondhwa Khurd- Meetha Nagar","Hamida Sundake","F","NCP","Name Committee, Women & child welfare","88","57","74","80","56","299","606","0.65671641791045","0.55882352941176","0.71844660194175","0.63492063492063","0.39716312056738","0.49339933993399","No Issue","","","","","","","","","","","","","",""
"Wanawdi-RamTekdi","24A","Ramtekadi- Sayyad Nagar","Ashok Kamble","M","Independant","Standing Committee, Sports Committee","130","97","90","88","88","405","606","0.97014925373134","0.95098039215686","0.87378640776699","0.6984126984127","0.6241134751773","0.66831683168317","No Issue","","","","","","","","","","","","","",""
"Wanawdi-RamTekdi","24C","Ramtekadi- Sayyad Nagar","Anand Alkunte","M","NCP","Standing Committee","32","46","35","35","31","148","606","0.23880597014925","0.45098039215686","0.33980582524272","0.27777777777778","0.21985815602837","0.24422442244224","No Issue","","","","","","","","","","","","","",""
"Wanawdi-RamTekdi","25A","Vanwadi","Dhanraj Ghogare","M","BJP","City Development Committee, Sports Committee, Name Committee","117","78","76","61","82","332","606","0.87313432835821","0.76470588235294","0.7378640776699","0.48412698412698","0.58156028368794","0.54785478547855","No Issue","","","","","","","","","","","","","",""
"Wanawdi-RamTekdi","25D","Vanwadi","Prashant Jagtap","M","NCP","","123","101","100","109","141","433","606","0.91791044776119","0.99019607843137","0.97087378640777","0.86507936507937","1","0.71452145214521","No Issue","","","","","","","","","","","","","",""
"Wanawdi-RamTekdi","27A","Kondhwa Khurd- Meetha Nagar","Haji Pathan","M","NCP","Sports Committee, Law Committee","107","98","75","86","98","366","606","0.79850746268657","0.96078431372549","0.72815533980583","0.68253968253968","0.69503546099291","0.6039603960396","Resolved","Name not found in 21-22 data","Name of the person in 21-22 data is - Abdul Gafur Ahammad Pathan","","","","","","","","","","","",""
"Wanawdi-RamTekdi","27D","Kondhwa Khurd- Meetha Nagar","Sainath Babar","M","MNS","","97","93","78","107","107","375","606","0.72388059701493","0.91176470588235","0.75728155339806","0.84920634920635","0.75886524822695","0.61881188118812","No Issue","","","","","","","","","","","","","",""
"Wanawdi-RamTekdi","24D","Ramtekadi- Sayyad Nagar","","","","","","","","","","0","606","0","0","0","0","0","0","","","","","","","","","","","","","","",""
"Warje-KarveNagar","13B","Erandwana- Happy Colony","Madhuri Sahastrabuddhe","F","BJP","City Development Committee, Law Committee, Women & child welfare","122","99","102","116","141","439","606","0.91044776119403","0.97058823529412","0.99029126213592","0.92063492063492","1","0.72442244224422","No Issue","","","","","","","","","","","","","",""
"Warje-KarveNagar","13C","Erandwana- Happy Colony","Manjushri Khardekar","F","BJP","Sports Committee, Education Committee, Law Committee, Women & child welfare","130","97","86","96","135","409","606","0.97014925373134","0.95098039215686","0.83495145631068","0.76190476190476","0.95744680851064","0.67491749174917","No Issue","","","","","","","","","","","","","",""
"Warje-KarveNagar","31B","Karve Nagar","Laxmi Dudhane","F","NCP","Standing Committee","97","93","91","95","135","376","606","0.72388059701493","0.91176470588235","0.88349514563107","0.75396825396825","0.95744680851064","0.62046204620462","No Issue","","","","","","","","","","","","","",""
"Warje-KarveNagar","31C","Karve Nagar","Vrushali Chaudhari","F","BJP","Sports Committee, Women & child welfare","129","101","38","75","140","343","606","0.96268656716418","0.99019607843137","0.36893203883495","0.5952380952381","0.99290780141844","0.56600660066007","No Issue","","","","","","","","","","","","","",""
"Warje-KarveNagar","32B","Warje-Malwadi","Sayali Wanjale","F","NCP","City Development Committee, Sports Committee, Women & child welfare","105","76","73","48","59","302","606","0.78358208955224","0.74509803921569","0.70873786407767","0.38095238095238","0.41843971631206","0.4983498349835","No Issue","","","","","","","","","","","","","",""
"Warje-KarveNagar","32C","Warje-Malwadi","Dipali Dhumal","F","NCP","Law Committee","88","66","73","109","141","336","606","0.65671641791045","0.64705882352941","0.70873786407767","0.86507936507937","1","0.55445544554455","No Issue","","","","","","","","","","","","","",""
"Warje-KarveNagar","13A","Erandwana- Happy Colony","Dipak Pote","M","BJP","Standing Committee","128","87","93","79","80","387","606","0.95522388059701","0.85294117647059","0.90291262135922","0.62698412698413","0.56737588652482","0.63861386138614","No Issue","","","","","","","","","","","","","",""
"Warje-KarveNagar","13D","Erandwana- Happy Colony","Jayant Bhave","M","BJP","Sports Committee, Name Committee, Law Committee","130","102","95","106","140","433","606","0.97014925373134","1","0.92233009708738","0.84126984126984","0.99290780141844","0.71452145214521","No Issue","","","","","","","","","","","","","",""
"Warje-KarveNagar","31A","Karve Nagar","Sushil Mengade","M","BJP","City Development Committee","115","86","73","73","115","347","606","0.85820895522388","0.84313725490196","0.70873786407767","0.57936507936508","0.81560283687943","0.57260726072607","No Issue","","","","","","","","","","","","","",""
"Warje-KarveNagar","31D","Karve Nagar","Rajabhau Barate","M","BJP","Standing Committee","79","66","43","90","100","278","606","0.58955223880597","0.64705882352941","0.41747572815534","0.71428571428571","0.70921985815603","0.45874587458746","Resolved","Name is Barate Rajabhau Kisan in RTI information PDF","Corrected- Tanmay","","","","","","","","","","","",""
"Warje-KarveNagar","32A","Warje-Malwadi","Dilip Barate","M","NCP","Standing Committee","67","65","69","53","40","254","606","0.5","0.63725490196078","0.66990291262136","0.42063492063492","0.28368794326241","0.41914191419142","No Issue","","","","","","","","","","","","","",""
"Warje-KarveNagar","32D","Warje-Malwadi","Sachin Dodke","M","NCP","City Development Committee","80","49","62","60","70","251","606","0.59701492537313","0.48039215686275","0.60194174757282","0.47619047619048","0.49645390070922","0.41419141914191","No Issue","","","","","","","","","","","","","",""
"Yerawada-Kalas-Dhanori","1A","Kalas-Dhanori","Kiran Jathar (till 2018) / Aishwarya Jadhav (after 2019)","F","BJP","Name Committee","122","","78","89","141","430","504","0.91044776119403","0","0.75728155339806","0.70634920634921","1","0.8531746031746","No Issue","","","","","","","","","","","","","",""
"Yerawada-Kalas-Dhanori","1C","Kalas-Dhanori","Rekha Tingare","F","NCP","Standing Committee","87","61","55","64","95","267","606","0.64925373134328","0.59803921568627","0.53398058252427","0.50793650793651","0.67375886524823","0.44059405940594","No Issue","","","","","","","","","","","","","",""
"Yerawada-Kalas-Dhanori","2B","Phule Nagar- Nagpur Chawl","Farzana Sheikh","F","BJP","Law Committee, Women & child welfare","85","71","60","86","122","302","603","0.63432835820896","0.69607843137255","0.58252427184466","0.68253968253968","0.86524822695035","0.50082918739635","No Issue","","","","","","","","","","","","","",""
"Yerawada-Kalas-Dhanori","2C","Phule Nagar- Nagpur Chawl","Shital Sawant","F","BJP","City Development Committee, Law Committee, Women & child welfare","114","75","81","82","104","352","606","0.85074626865672","0.73529411764706","0.78640776699029","0.65079365079365","0.73758865248227","0.58085808580858","No Issue","","","","","","","","","","","","","",""
"Yerawada-Kalas-Dhanori","6B","Yerwada","Shweta Chavan","F","ShivSena","Name Committee, Women & child welfare","124","62","66","92","129","344","606","0.92537313432836","0.6078431372549","0.64077669902913","0.73015873015873","0.91489361702128","0.56765676567657","No Issue","","","","","","","","","","","","","",""
"Yerawada-Kalas-Dhanori","6C","Yerwada","Ashwini Landage","F","MIM","Name Committee","127","100","87","112","109","426","606","0.94776119402985","0.98039215686275","0.84466019417476","0.88888888888889","0.77304964539007","0.7029702970297","No Issue","","","","","","","","","","","","","",""
"Yerawada-Kalas-Dhanori","1B","Kalas-Dhanori","Maruti Sangade","M","BJP","","133","101","94","86","109","414","606","0.99253731343284","0.99019607843137","0.9126213592233","0.68253968253968","0.77304964539007","0.68316831683168","No Issue","","","","","","","","","","","","","",""
"Yerawada-Kalas-Dhanori","1D","Kalas-Dhanori","Anil Tingare","M","BJP","Standing Committee, City Development Committee","117","92","82","39","90","330","606","0.87313432835821","0.90196078431373","0.79611650485437","0.30952380952381","0.63829787234043","0.54455445544554","No Issue","","","","","","","","","","","","","",""
"Yerawada-Kalas-Dhanori","2A","Phule Nagar- Nagpur Chawl","Siddharth Dhende","M","BJP","","111","89","85","63","101","348","606","0.82835820895522","0.87254901960784","0.8252427184466","0.5","0.71631205673759","0.57425742574257","No Issue","","","","","","","","","","","","","",""
"Yerawada-Kalas-Dhanori","2D","Phule Nagar- Nagpur Chawl","Sunil Tingare","M","NCP","Name Committee","121","93","75","86","105","375","606","0.90298507462687","0.91176470588235","0.72815533980583","0.68253968253968","0.74468085106383","0.61881188118812","No Issue","","","","","","","","","","","","","",""
"Yerawada-Kalas-Dhanori","6A","Yerwada","Avinash Salve","M","ShivSena","City Development Committee, Law Committee","119","92","89","100","106","400","606","0.88805970149254","0.90196078431373","0.86407766990291","0.79365079365079","0.75177304964539","0.66006600660066","No Issue","","","","","","","","","","","","","",""
"Yerawada-Kalas-Dhanori","6D","Yerwada","Sanjay Bhosale","M","ShivSena","","125","85","68","87","118","365","606","0.93283582089552","0.83333333333333","0.66019417475728","0.69047619047619","0.83687943262411","0.6023102310231","No Issue","","","","","","","","","","","","","",""
"","","","","","","","","","","","","","","","","","","","","","","","","","","","","","","","","","",""
"","","","","","","","","","","","","","","","","","","","","","","","","","","","","","","","","","",""
"","","","","","","","","","","","","","","","","","","","","","","","","","","","","","","","","","",""
"","","","","","","","","","","","","","","","","","","","","","","","","","","","","","","","","","",""
"","","","","","","","","","","","","","","","","","","","","","","","","","","","","","","","","","",""
"","","","","","","","","","","","","","","","","","","","","","","","","","","","","","","","","","",""
"","","","","","","","","","","","","","","","","","","","","","","","","","","","","","","","","","",""
"","","","","","","","","","","","","","","","","","","","","","","","","","","","","","","","","","",""
"","","","","","","","","","","","","","","","","","","","","","","","","","","","","","","","","","",""
"","","","","","","","","","","","","","","","","","","","","","","","","","","","","","","","","","",""
"","","","","","","","","","","","","","","","","","","","","","","","","","","","","","","","","","",""
"","","","","","","","","","","","","","","","","","","","","","","","","","","","","","","","","","",""
"","","","","","","","","","","","","","","","","","","","","","","","","","","","","","","","","","",""
"","","","","","","","","","","","","","","","","","","","","","","","","","","","","","","","","","",""
"","","","","","","","","","","","","","","","","","","","","","","","","","","","","","","","","","",""
"","","","","","","","","","","","","","","","","","","","","","","","","","","","","","","","","","",""
"","","","","","","","","","","","","","","","","","","","","","","","","","","","","","","","","","",""
"","","","","","","","","","","","","","","","","","","","","","","","","","","","","","","","","","",""
"","","","","","","","","","","","","","","","","","","","","","","","","","","","","","","","","","",""
"","","","","","","","","","","","","","","","","","","","","","","","","","","","","","","","","","",""
"","","","","","","","","","","","","","","","","","","","","","","","","","","","","","","","","","",""
"","","","","","","","","","","","","","","","","","","","","","","","","","","","","","","","","","",""
"","","","","","","","","","","","","","","","","","","","","","","","","","","","","","","","","","",""
"","","","","","","","","","","","","","","","","","","","","","","","","","","","","","","","","","",""
"","","","","","","","","","","","","","","","","","","","","","","","","","","","","","","","","","",""
"","","","","","","","","","","","","","","","","","","","","","","","","","","","","","","","","","",""
"","","","","","","","","","","","","","","","","","","","","","","","","","","","","","","","","","",""
"","","","","","","","","","","","","","","","","","","","","","","","","","","","","","","","","","",""
"","","","","","","","","","","","","","","","","","","","","","","","","","","","","","","","","","",""
"","","","","","","","","","","","","","","","","","","","","","","","","","","","","","","","","","",""
"","","","","","","","","","","","","","","","","","","","","","","","","","","","","","","","","","",""
"","","","","","","","","","","","","","","","","","","","","","","","","","","","","","","","","","",""
"","","","","","","","","","","","","","","","","","","","","","","","","","","","","","","","","","",""
"","","","","","","","","","","","","","","","","","","","","","","","","","","","","","","","","","",""
"","","","","","","","","","","","","","","","","","","","","","","","","","","","","","","","","","",""
"","","","","","","","","","","","","","","","","","","","","","","","","","","","","","","","","","",""
"","","","","","","","","","","","","","","","","","","","","","","","","","","","","","","","","","",""
"","","","","","","","","","","","","","","","","","","","","","","","","","","","","","","","","","",""
"","","","","","","","","","","","","","","","","","","","","","","","","","","","","","","","","","",""
"","","","","","","","","","","","","","","","","","","","","","","","","","","","","","","","","","",""
"","","","","","","","","","","","","","","","","","","","","","","","","","","","","","","","","","",""
"","","","","","","","","","","","","","","","","","","","","","","","","","","","","","","","","","",""
"","","","","","","","","","","","","","","","","","","","","","","","","","","","","","","","","","",""
"","","","","","","","","","","","","","","","","","","","","","","","","","","","","","","","","","",""
"","","","","","","","","","","","","","","","","","","","","","","","","","","","","","","","","","",""
"","","","","","","","","","","","","","","","","","","","","","","","","","","","","","","","","","",""
"","","","","","","","","","","","","","","","","","","","","","","","","","","","","","","","","","",""
"","","","","","","","","","","","","","","","","","","","","","","","","","","","","","","","","","",""
"","","","","","","","","","","","","","","","","","","","","","","","","","","","","","","","","","",""
"","","","","","","","","","","","","","","","","","","","","","","","","","","","","","","","","","",""
"","","","","","","","","","","","","","","","","","","","","","","","","","","","","","","","","","",""
"","","","","","","","","","","","","","","","","","","","","","","","","","","","","","","","","","",""
"","","","","","","","","","","","","","","","","","","","","","","","","","","","","","","","","","",""
"","","","","","","","","","","","","","","","","","","","","","","","","","","","","","","","","","",""
"","","","","","","","","","","","","","","","","","","","","","","","","","","","","","","","","","",""
"","","","","","","","","","","","","","","","","","","","","","","","","","","","","","","","","","",""
"","","","","","","","","","","","","","","","","","","","","","","","","","","","","","","","","","",""
"","","","","","","","","","","","","","","","","","","","","","","","","","","","","","","","","","",""
"","","","","","","","","","","","","","","","","","","","","","","","","","","","","","","","","","",""
"","","","","","","","","","","","","","","","","","","","","","","","","","","","","","","","","","",""
"","","","","","","","","","","","","","","","","","","","","","","","","","","","","","","","","","",""
"","","","","","","","","","","","","","","","","","","","","","","","","","","","","","","","","","",""
"","","","","","","","","","","","","","","","","","","","","","","","","","","","","","","","","","",""
"","","","","","","","","","","","","","","","","","","","","","","","","","","","","","","","","","",""
"","","","","","","","","","","","","","","","","","","","","","","","","","","","","","","","","","",""
"","","","","","","","","","","","","","","","","","","","","","","","","","","","","","","","","","",""
"","","","","","","","","","","","","","","","","","","","","","","","","","","","","","","","","","",""
"","","","","","","","","","","","","","","","","","","","","","","","","","","","","","","","","","",""
"","","","","","","","","","","","","","","","","","","","","","","","","","","","","","","","","","",""
"","","","","","","","","","","","","","","","","","","","","","","","","","","","","","","","","","",""
"","","","","","","","","","","","","","","","","","","","","","","","","","","","","","","","","","",""
"","","","","","","","","","","","","","","","","","","","","","","","","","","","","","","","","","",""
"","","","","","","","","","","","","","","","","","","","","","","","","","","","","","","","","","",""
"","","","","","","","","","","","","","","","","","","","","","","","","","","","","","","","","","",""
"","","","","","","","","","","","","","","","","","","","","","","","","","","","","","","","","","",""
"","","","","","","","","","","","","","","","","","","","","","","","","","","","","","","","","","",""
"","","","","","","","","","","","","","","","","","","","","","","","","","","","","","","","","","",""
"","","","","","","","","","","","","","","","","","","","","","","","","","","","","","","","","","",""
"","","","","","","","","","","","","","","","","","","","","","","","","","","","","","","","","","",""
"","","","","","","","","","","","","","","","","","","","","","","","","","","","","","","","","","",""
"","","","","","","","","","","","","","","","","","","","","","","","","","","","","","","","","","",""
"","","","","","","","","","","","","","","","","","","","","","","","","","","","","","","","","","",""
"","","","","","","","","","","","","","","","","","","","","","","","","","","","","","","","","","",""
"","","","","","","","","","","","","","","","","","","","","","","","","","","","","","","","","","",""
"","","","","","","","","","","","","","","","","","","","","","","","","","","","","","","","","","",""
"","","","","","","","","","","","","","","","","","","","","","","","","","","","","","","","","","",""
"","","","","","","","","","","","","","","","","","","","","","","","","","","","","","","","","","",""
"","","","","","","","","","","","","","","","","","","","","","","","","","","","","","","","","","",""
"","","","","","","","","","","","","","","","","","","","","","","","","","","","","","","","","","",""
"","","","","","","","","","","","","","","","","","","","","","","","","","","","","","","","","","",""
"","","","","","","","","","","","","","","","","","","","","","","","","","","","","","","","","","",""
"","","","","","","","","","","","","","","","","","","","","","","","","","","","","","","","","","",""
"","","","","","","","","","","","","","","","","","","","","","","","","","","","","","","","","","",""
"","","","","","","","","","","","","","","","","","","","","","","","","","","","","","","","","","",""
"","","","","","","","","","","","","","","","","","","","","","","","","","","","","","","","","","",""
"","","","","","","","","","","","","","","","","","","","","","","","","","","","","","","","","","",""
"","","","","","","","","","","","","","","","","","","","","","","","","","","","","","","","","","",""
"","","","","","","","","","","","","","","","","","","","","","","","","","","","","","","","","","",""
"","","","","","","","","","","","","","","","","","","","","","","","","","","","","","","","","","",""
"","","","","","","","","","","","","","","","","","","","","","","","","","","","","","","","","","",""
"","","","","","","","","","","","","","","","","","","","","","","","","","","","","","","","","","",""
"","","","","","","","","","","","","","","","","","","","","","","","","","","","","","","","","","",""
"","","","","","","","","","","","","","","","","","","","","","","","","","","","","","","","","","",""
"","","","","","","","","","","","","","","","","","","","","","","","","","","","","","","","","","",""
"","","","","","","","","","","","","","","","","","","","","","","","","","","","","","","","","","",""
"","","","","","","","","","","","","","","","","","","","","","","","","","","","","","","","","","",""
"","","","","","","","","","","","","","","","","","","","","","","","","","","","","","","","","","",""
"","","","","","","","","","","","","","","","","","","","","","","","","","","","","","","","","","",""
"","","","","","","","","","","","","","","","","","","","","","","","","","","","","","","","","","",""
"","","","","","","","","","","","","","","","","","","","","","","","","","","","","","","","","","",""
"","","","","","","","","","","","","","","","","","","","","","","","","","","","","","","","","","",""
"","","","","","","","","","","","","","","","","","","","","","","","","","","","","","","","","","",""
"","","","","","","","","","","","","","","","","","","","","","","","","","","","","","","","","","",""
"","","","","","","","","","","","","","","","","","","","","","","","","","","","","","","","","","",""
"","","","","","","","","","","","","","","","","","","","","","","","","","","","","","","","","","",""
"","","","","","","","","","","","","","","","","","","","","","","","","","","","","","","","","","",""
"","","","","","","","","","","","","","","","","","","","","","","","","","","","","","","","","","",""
"","","","","","","","","","","","","","","","","","","","","","","","","","","","","","","","","","",""
"","","","","","","","","","","","","","","","","","","","","","","","","","","","","","","","","","",""
"","","","","","","","","","","","","","","","","","","","","","","","","","","","","","","","","","",""
"","","","","","","","","","","","","","","","","","","","","","","","","","","","","","","","","","",""
"","","","","","","","","","","","","","","","","","","","","","","","","","","","","","","","","","",""
"","","","","","","","","","","","","","","","","","","","","","","","","","","","","","","","","","",""
"","","","","","","","","","","","","","","","","","","","","","","","","","","","","","","","","","",""
"","","","","","","","","","","","","","","","","","","","","","","","","","","","","","","","","","",""
"","","","","","","","","","","","","","","","","","","","","","","","","","","","","","","","","","",""
"","","","","","","","","","","","","","","","","","","","","","","","","","","","","","","","","","",""
"","","","","","","","","","","","","","","","","","","","","","","","","","","","","","","","","","",""
"","","","","","","","","","","","","","","","","","","","","","","","","","","","","","","","","","",""
"","","","","","","","","","","","","","","","","","","","","","","","","","","","","","","","","","",""
"","","","","","","","","","","","","","","","","","","","","","","","","","","","","","","","","","",""
"","","","","","","","","","","","","","","","","","","","","","","","","","","","","","","","","","",""
"","","","","","","","","","","","","","","","","","","","","","","","","","","","","","","","","","",""
"","","","","","","","","","","","","","","","","","","","","","","","","","","","","","","","","","",""
"","","","","","","","","","","","","","","","","","","","","","","","","","","","","","","","","","",""
"","","","","","","","","","","","","","","","","","","","","","","","","","","","","","","","","","",""
"","","","","","","","","","","","","","","","","","","","","","","","","","","","","","","","","","",""
"","","","","","","","","","","","","","","","","","","","","","","","","","","","","","","","","","",""
"","","","","","","","","","","","","","","","","","","","","","","","","","","","","","","","","","",""
"","","","","","","","","","","","","","","","","","","","","","","","","","","","","","","","","","",""
"","","","","","","","","","","","","","","","","","","","","","","","","","","","","","","","","","",""
"","","","","","","","","","","","","","","","","","","","","","","","","","","","","","","","","","",""
"","","","","","","","","","","","","","","","","","","","","","","","","","","","","","","","","","",""
"","","","","","","","","","","","","","","","","","","","","","","","","","","","","","","","","","",""
"","","","","","","","","","","","","","","","","","","","","","","","","","","","","","","","","","",""
"","","","","","","","","","","","","","","","","","","","","","","","","","","","","","","","","","",""
"","","","","","","","","","","","","","","","","","","","","","","","","","","","","","","","","","",""
"","","","","","","","","","","","","","","","","","","","","","","","","","","","","","","","","","",""
"","","","","","","","","","","","","","","","","","","","","","","","","","","","","","","","","","",""
"","","","","","","","","","","","","","","","","","","","","","","","","","","","","","","","","","",""
"","","","","","","","","","","","","","","","","","","","","","","","","","","","","","","","","","",""
"","","","","","","","","","","","","","","","","","","","","","","","","","","","","","","","","","",""
"","","","","","","","","","","","","","","","","","","","","","","","","","","","","","","","","","",""
"","","","","","","","","","","","","","","","","","","","","","","","","","","","","","","","","","",""
"","","","","","","","","","","","","","","","","","","","","","","","","","","","","","","","","","",""
"","","","","","","","","","","","","","","","","","","","","","","","","","","","","","","","","","",""
"","","","","","","","","","","","","","","","","","","","","","","","","","","","","","","","","","",""
"","","","","","","","","","","","","","","","","","","","","","","","","","","","","","","","","","",""
"","","","","","","","","","","","","","","","","","","","","","","","","","","","","","","","","","",""
"","","","","","","","","","","","","","","","","","","","","","","","","","","","","","","","","","",""
"","","","","","","","","","","","","","","","","","","","","","","","","","","","","","","","","","",""
"","","","","","","","","","","","","","","","","","","","","","","","","","","","","","","","","","",""
"","","","","","","","","","","","","","","","","","","","","","","","","","","","","","","","","","",""
"","","","","","","","","","","","","","","","","","","","","","","","","","","","","","","","","","",""
"","","","","","","","","","","","","","","","","","","","","","","","","","","","","","","","","","",""
"","","","","","","","","","","","","","","","","","","","","","","","","","","","","","","","","","",""
"","","","","","","","","","","","","","","","","","","","","","","","","","","","","","","","","","",""
"","","","","","","","","","","","","","","","","","","","","","","","","","","","","","","","","","",""
"","","","","","","","","","","","","","","","","","","","","","","","","","","","","","","","","","",""
"","","","","","","","","","","","","","","","","","","","","","","","","","","","","","","","","","",""
"","","","","","","","","","","","","","","","","","","","","","","","","","","","","","","","","","",""
"","","","","","","","","","","","","","","","","","","","","","","","","","","","","","","","","","",""
"","","","","","","","","","","","","","","","","","","","","","","","","","","","","","","","","","",""
"","","","","","","","","","","","","","","","","","","","","","","","","","","","","","","","","","",""
"","","","","","","","","","","","","","","","","","","","","","","","","","","","","","","","","","",""
"","","","","","","","","","","","","","","","","","","","","","","","","","","","","","","","","","",""
"","","","","","","","","","","","","","","","","","","","","","","","","","","","","","","","","","",""
"","","","","","","","","","","","","","","","","","","","","","","","","","","","","","","","","","",""
"","","","","","","","","","","","","","","","","","","","","","","","","","","","","","","","","","",""
"","","","","","","","","","","","","","","","","","","","","","","","","","","","","","","","","","",""
"","","","","","","","","","","","","","","","","","","","","","","","","","","","","","","","","","",""
"","","","","","","","","","","","","","","","","","","","","","","","","","","","","","","","","","",""
"","","","","","","","","","","","","","","","","","","","","","","","","","","","","","","","","","",""
"","","","","","","","","","","","","","","","","","","","","","","","","","","","","","","","","","",""
"","","","","","","","","","","","","","","","","","","","","","","","","","","","","","","","","","",""
"","","","","","","","","","","","","","","","","","","","","","","","","","","","","","","","","","",""
"","","","","","","","","","","","","","","","","","","","","","","","","","","","","","","","","","",""
"","","","","","","","","","","","","","","","","","","","","","","","","","","","","","","","","","",""
"","","","","","","","","","","","","","","","","","","","","","","","","","","","","","","","","","",""
"","","","","","","","","","","","","","","","","","","","","","","","","","","","","","","","","","",""
"","","","","","","","","","","","","","","","","","","","","","","","","","","","","","","","","","",""
"","","","","","","","","","","","","","","","","","","","","","","","","","","","","","","","","","",""
"","","","","","","","","","","","","","","","","","","","","","","","","","","","","","","","","","",""
"","","","","","","","","","","","","","","","","","","","","","","","","","","","","","","","","","",""
"","","","","","","","","","","","","","","","","","","","","","","","","","","","","","","","","","",""
"","","","","","","","","","","","","","","","","","","","","","","","","","","","","","","","","","",""
"","","","","","","","","","","","","","","","","","","","","","","","","","","","","","","","","","",""
"","","","","","","","","","","","","","","","","","","","","","","","","","","","","","","","","","",""
"","","","","","","","","","","","","","","","","","","","","","","","","","","","","","","","","","",""
"","","","","","","","","","","","","","","","","","","","","","","","","","","","","","","","","","",""
